<?xml version="1.0" encoding="utf-8" standalone="yes" ?>
<?xml-stylesheet type="text/xsl" href="./modx.prosilver.en.xsl" ?>
<!--
	NOTICE: Please open this file in your web browser. If presented with a security warning, you may safely tell it to allow the blocked content.
-->
<!--For security purposes, please check: http://www.phpbb.com/mods/ for the latest version of this MOD. Although MODs are checked before being allowed in the MODs Database there is no guarantee that there are no security problems within the MOD. No support will be given for MODs not found within the MODs Database which can be found at http://www.phpbb.com/mods/-->
<mod xmlns:xsi="http://www.w3.org/2001/XMLSchema-instance" xmlns="http://www.phpbb.com/mods/xml/modx-1.2.2.xsd">
<header>
	<meta name="generator" content="MODX file generated with PP MODX Creator by tumba25" />
	<license>GNU GENERAL PUBLIC LICENSE Version 2</license>
	<title lang="en">Jquery Drop Down Panel</title>
	<description lang="en">Adds a Drop Down Panel to the top of your board. You can put almost anything you want, and with a few modifications can be configured to use other mods, and even make it only for admins, or moderators.</description>
	<author-group>
		<author>
			<realname>Steven Costello</realname>
			<username>arrow816</username>
			<homepage>http://www.nightmare-studio.com</homepage>
			<email>arrow@nightmare-studio.com</email>
		</author>
		<author>
			<realname>Jeremie Tisseau</realname>
			<username>None</username>
			<homepage>http://web-kreation.com/</homepage>
			<email>info@web-kreation.com</email>
		</author>
	</author-group>
	<mod-version>1.0.2</mod-version>
	<installation>
		<level>easy</level>
		<time>300</time>
		<target-version>3.0.5</target-version>
	</installation>
</header>
<action-group>
	<copy>
		<file from="root/styles/prosilver/template/slide_js/slide.js" to="styles/prosilver/template/slide_js/slide.js" />
	</copy>
	<copy>
		<file from="root/styles/prosilver/template/slide_js/jquery-1.3.2.min.js" to="styles/prosilver/template/slide_js/jquery-1.3.2.min.js" />
	</copy>
	<copy>
		<file from="root/styles/prosilver/template/slide_js/pngfix/supersleight-min.js" to="styles/prosilver/template/slide_js/pngfix/supersleight-min.js" />
	</copy>
	<copy>
		<file from="root/styles/prosilver/template/slide_js/pngfix/x.gif" to="styles/prosilver/template/slide_js/pngfix/x.gif" />
	</copy>
	<copy>
		<file from="root/styles/prosilver/theme/slide.css" to="styles/prosilver/theme/slide.css" />
	</copy>
	<copy>
		<file from="root/styles/prosilver/theme/images/bt_close.png" to="styles/prosilver/theme/images/bt_close.png" />
	</copy>
	<copy>
		<file from="root/styles/prosilver/theme/images/bt_login.png" to="styles/prosilver/theme/images/bt_login.png" />
	</copy>
	<copy>
		<file from="root/styles/prosilver/theme/images/bt_open.png" to="styles/prosilver/theme/images/bt_open.png" />
	</copy>
	<copy>
		<file from="root/styles/prosilver/theme/images/bt_register.png" to="styles/prosilver/theme/images/bt_register.png" />
	</copy>
	<copy>
		<file from="root/styles/prosilver/theme/images/tab_b.png" to="styles/prosilver/theme/images/tab_b.png" />
	</copy>
	<copy>
		<file from="root/styles/prosilver/theme/images/tab_l.png" to="styles/prosilver/theme/images/tab_l.png" />
	</copy>
	<copy>
		<file from="root/styles/prosilver/theme/images/tab_m.png" to="styles/prosilver/theme/images/tab_m.png" />
	</copy>
	<copy>
		<file from="root/styles/prosilver/theme/images/tab_r.png" to="styles/prosilver/theme/images/tab_r.png" />
	</copy>
	<open src="includes/functions.php">
		<edit>
			<find><![CDATA[// Send a proper content-language to the output
       $user_lang = $user->lang['USER_LANG'];
       if (strpos($user_lang, '-x-') !== false)
       {
          $user_lang = substr($user_lang, 0, strpos($user_lang, '-x-'));
       }]]></find>
			<action type="after-add"><![CDATA[            if (!function_exists('get_user_avatar'))
            {   
                include_once($phpbb_root_path . 'includes/functions_display.' . $phpEx);
            }   ]]></action>
		</edit>
		<edit>
			<find><![CDATA['SITENAME'						=> $config['sitename'],]]></find>
			<action type="after-add"><![CDATA['USER_AVATAR'                    => get_user_avatar($user->data['user_avatar'], $user->data['user_avatar_type'], $user->data['user_avatar_width'], $user->data['user_avatar_height']), ]]></action>
		</edit>
	</open>
	<open src="styles/prosilver/template/overall_header.html">
		<edit>
			<find><![CDATA[<title>{SITENAME} &bull; <!-- IF S_IN_MCP -->{L_MCP} &bull; <!-- ELSEIF S_IN_UCP -->{L_UCP} &bull; <!-- ENDIF -->{PAGE_TITLE}</title>]]></find>
			<action type="after-add"><![CDATA[<script src="{T_TEMPLATE_PATH}/slide_js/jquery-1.3.2.min.js" type="text/javascript"></script>
<!-- Sliding effect -->
<script src="{T_TEMPLATE_PATH}/slide_js/slide.js" type="text/javascript"></script>]]></action>
</edit>
<edit>
			<find><![CDATA[<body id="phpbb" class="section-{SCRIPT_NAME} {S_CONTENT_DIRECTION}">]]></find>
			<action type="after-add"><![CDATA[<!-- IF not S_IS_BOT and not S_USER_LOGGED_IN -->
    <div id="toppanel">
       <div id="panel">
          <div class="contentpn clearfix">
             <div class="left">
                <h1>Welcome to {SITENAME}</h1>
                <h2>Hello Guests</h2>      
                <p class="grey">Dear Guests, If you have enjoyed your time here on {SITENAME}, please feel free to <a href="ucp.php?mode=register">Register</a>, and further your enjoyment here.<br />
                    Thanks,<br />
                    &nbsp;&nbsp;&nbsp;Steve C - Site Admin</p>
             </div>
             <div class="left">
           <form method="post" action="{S_LOGIN_ACTION}" class="clearfix">
                   <h1>Member Login</h1>
                        <label class="grey" for="username">{L_USERNAME}:</label>
                        <input class="field" type="text" name="username" id="username" size="10" title="{L_USERNAME}" />
                   <label class="grey" for="password">{L_PASSWORD}:</label>
                        <input class="field" type="password" name="password" id="password" size="10" title="{L_PASSWORD}" />
                        <!-- IF S_AUTOLOGIN_ENABLED -->
                     <label for="autologin">{L_LOG_ME_IN} <input type="checkbox" name="autologin" id="rememberme" /></label>
                 <!-- ENDIF -->
                     <div class="clear"></div>
                   <input type="submit" name="login" value="{L_LOGIN}" class="bt_login" />
                   <a class="lost-pwd" href="ucp.php?mode=sendpassword">Lost your password?</a>
                </form>
             </div>
                <div class="left right">
                <h1>Not a Member?</h1>
                <h2>Create an Account</h2>
                <p class="grey">Dear Guest if you would like to join our community, please feel free to head over to our <a href="ucp.php?mode=register">Registration Page</a> and create an account. The process will take no longer then 3 min, and you will be ready to continue your enjoyment here at {SITENAME}<br />
                Thanks,<br />
                &nbsp;&nbsp;&nbsp;Steve C - Site Admin</p>
             </div>
          </div>
       </div>
       <div class="tab">
          <ul class="login">
              <li class="left">&nbsp;</li>
               <li>Hello Guest!</li>
             <li class="sep">|</li>
             <li id="toggle">
                <a id="open" class="open" href="#">Log In | Register</a>
                <a id="close" style="display: none;" class="close" href="#">Close Panel</a>         
             </li>
              <li class="right">&nbsp;</li>
          </ul>
       </div>
       
    </div>
    <!-- ENDIF -->
    <!-- IF not S_IS_BOT and S_USER_LOGGED_IN -->
    <div id="toppanel">
       <div id="panel">
          <div class="contentpn clearfix">
             <div class="left">
                <h1>Welcome to {SITENAME}</h1>
                <h2>Your {LAST_VISIT_DATE}</h2>   
                <p class="grey">Welcome {S_USERNAME} to {SITENAME}. Hope you enjoy your time here.<br />
                    Thanks,<br />
                    &nbsp;&nbsp;&nbsp;Steve C - Site Admin</p>
             </div>
             <div class="left">
                   <h1>Member Info</h1><hr />
                   <table cols="2" border="0" width="auto" height="auto">
                      <tr>
                         <td rowspan="2">
                               <!-- IF USER_AVATAR -->{USER_AVATAR}<!-- ENDIF -->
                         </td>
                      </tr>
                      <tr>
                         <td style="padding-left:4px; padding-right:20px;">
                                <h2>Quick Links</h2>
                                   <a href="{U_INDEX}">{L_INDEX}</a><br />
                                   <a href="{U_PROFILE}" title="{L_PROFILE}" accesskey="u">{L_PROFILE}</a><br />
                                    You have<!-- IF S_DISPLAY_PM --> <a href="{U_PRIVATEMSGS}">{PRIVATE_MESSAGE_INFO}</a><!-- ENDIF --><br />
                                    <a href="{U_SEARCH_SELF}">{L_SEARCH_SELF}</a><br />
                                    <a href="{U_LOGIN_LOGOUT}" title="{L_LOGIN_LOGOUT}" accesskey="l">{L_LOGIN_LOGOUT}</a>
                                    <h2>Search Links</h2>
                                    <a href="{U_SEARCH_UNANSWERED}">{L_SEARCH_UNANSWERED}</a><br />
                                    <a href="{U_SEARCH_NEW}">{L_SEARCH_NEW}</a><br />
                                    <a href="{U_SEARCH_ACTIVE_TOPICS}">{L_SEARCH_ACTIVE_TOPICS}</a><br />
                         </td>
                      </tr>
                   </table>
             </div>
             <div class="left right">         
                        <!-- IF S_DISPLAY_ONLINE_LIST -->
       <!-- IF U_VIEWONLINE --><h3><a href="{U_VIEWONLINE}">{L_WHO_IS_ONLINE}</a></h3><!-- ELSE --><h3>{L_WHO_IS_ONLINE}</h3><!-- ENDIF -->
       <p>{TOTAL_USERS_ONLINE} ({L_ONLINE_EXPLAIN})<br />{RECORD_USERS}<br /> <br />{LOGGED_IN_USER_LIST}
       <!-- IF LEGEND --><br /><em>{L_LEGEND}: {LEGEND}</em><!-- ENDIF --></p>
    <!-- ENDIF -->
             </div>
          </div>
       </div>
       <div class="tab">
          <ul class="login">
              <li class="left">&nbsp;</li>
               <li>Hello {S_USERNAME}!</li>
             <li class="sep">|</li>
             <li id="toggle">
                <a id="open" class="open" href="#">Member Info</a>
                <a id="close" style="display: none;" class="close" href="#">Close Panel</a>         
             </li>
              <li class="right">&nbsp;</li>
          </ul>
       </div>
       
    </div>
    <!-- ENDIF -->]]></action>
		</edit>
	</open>
	<open src="styles/prosilver/theme/stylesheet.css">
		<edit>
			<find><![CDATA[@import url("colours.css");]]></find>
			<action type="after-add"><![CDATA[@import url("slide.css");]]></action>
		</edit>
	</open>
	<open src="styles/prosilver/theme/tweaks.css">
		<edit>
			<find><![CDATA[.clearfix, #tabs, #minitabs, fieldset dl, ul.topiclist dl, dl.polls {
	height: 1%;
	overflow: hidden;
}]]></find>
			<action type="replace-with"><![CDATA[.clearfix, #tabs, #minitabs, fieldset dl, ul.topiclist dl, dl.polls {
	overflow: hidden;
}
]]></action>
		</edit>
	</open>
	<diy-instructions lang="en">Clear your Template and Theme cache from ACP</diy-instructions>
</action-group>
</mod>
